﻿<?xml version="1.0" encoding="utf-8"?><bwFonts xmlns:xsi="http://www.w3.org/2001/XMLSchema-instance" xmlns:xsd="http://www.w3.org/2001/XMLSchema" fontfactoryurl="story_content/FontFactory.swf"><font id="00" name="Open SansBold Charset1 6WaIQzESM2Q"><glyphs><g i="0" c="384" p="#^DP$v%jL$v%UIDmMI7mrIzk6I_i3Isi$H6jIHzkpH0mfHEm%RE$v%yA$v%$v9e%Jz9e%$BUnBCAqSCzsXCSrcDpqtDYoID8o%iG9e%TJ9e%tM8oEMPoUMcq9NAriNzspNCrGNbqYNMoaOUn%rQ9e%aU9e" /><g i="1" c="385" p="#^VA8pVAarABdsfCgtLDgteFgtUFesyGbryG8pyG6nTF6mdF5lJD5leC5lzB6mVA6nVA8p^mK8pmKusBInuRGfwIDfwKBfweAovKywuWxVs6xir6x8p6xOlSyYjCA5iMD5iKF5ieHYiKIOjyJplmK$mmK8p" /><g i="2" c="386" p="#^DH$v%7Hfu%WGfukGcvdFKv7EfwJCfwjAfw5zZuTxGtTxfr%Txmi%BBmi%BBkqBBNr6CxsEChtODhtmFht2GesLGbrLGMo%LGmi%uKmi%uK$v" /><g i="3" c="387" p="%^GB$vYx$vYx$cGB$c" /><g i="4" c="388" p="#^gCfwSzfwuynu6xvs6xbp6xQlvyZjVz5inC5iYE5iiG5k%qG5k8Gzi8Gmh%8G$c%TJ$c%TJ$v%0H$v%iGeu%8GeuTEfwgCfw^ADht$EhtGFsslGCrpGDp%pGdppG0nJF4m2F7lwD7lgC7lABbmUAenUAfpUAgrABhshChtADht" /><g i="5" c="389" p="#" /><g i="6" c="390" p="#^$vmi%3Ami%EC1qZC1r5Dos%aDosiD8rHD1q%dGmi%dKmi%rEKxEDTzaCXAIA$BKy$BNx$BRwNB%RwQywx$yjy$yiz$y1AoyNANxbBzw%pBVv" /><g i="7" c="391" p="#^NxPeNx$cPz$cRB$cRBPeRBHfkBagQAFgPzFgNxFgNxPe^GB$v%Yx$v%Yxmi%GBmi" /><g i="8" c="392" p="%^wBAo8DvmZGmi9LmiLFgovL$vcH$vgDtqGBLrGB$vYx$vYx$cGB$cGBtltBAo" /><g i="9" c="393" p="#^BDLkpCLkKBvl4BemZADn%bGDnaGemtFvlNELkBDLk^7EfwQAfwZyru6xCs6xgp6xQlQyZjyA5iAD5itG5i4ILjHJolHJio%HJ6q%UA6qYAHrQBBsICutiEutwFutCGetJHZsWIps%WIhvXHMvQG$vJFfw7Efw" /><g i="10" c="394" p="#^IDhtGEht2GRs%2GDvFEfwDCfwoAfwmz6vlyZtlyKr%ly9l%zw9l%zwAj%Dyki%Hzsf%4Csf%4Cmi%VFmi%VF9l%4C9l%4CJr4CwswCVsZChtIDht" /><g i="11" c="395" p="#^zF5ikG5iQGci%yGHl5GzlsFzlFDzlFCumGBonGB2p%GB$v%Yx$v%Yxmi%MAmi%jBEk%vBEk8CujdDOiiE5izF5i" /><g i="12" c="396" p="#^tHYrtH2u$F9vyEfwEBfw9Afw6z2w3yRv8xsv%8xnsaySstzctNAxtMBxtNDxtNDlsNDVrwDErfDmrBC0rXBGqQAcqgzypwy_oNxqorxIn6xZm6xVl6x4kwy5jXz5iwC5i_E5ijH9j%bGSlaFplhE8loDSksCSkPASkPALlPAfmlBDmTB_mGDIngFlo$FVoLGtp6HcqtHXqtHYr" /><g i="13" c="397" p="#^9K$v%rG$v%rG1orGxmXFPlsF4loE4lZC4ljC7mGBanGBAp%GB$v%Yx$v%Yxmi%OAmi%iB5k%vB5k1C9j4DDi7E5itF5ixI5iCJ5k%XJ5kvK8jzLDiDM5iZN5iiQ5iuRhjGStkGS5n%GS$v%XO$v%XO1oXOxmrOPlYN4lUM4lwL4lQK2m9K0n9K8p" /><g i="14" c="398" p="%^aJ$v7IdrIGblCGbl7E$v7A$vewmiYzmiwBoo#VB0qiCTsmCTs#qCXrOCWp_CUoGEmiNIminKUo#qK9pxKHp#EKcqKKOq#QKorVKZr#_Kxs$KTs4LTs#bL_rtLsq#LLWoTLoovNmi9RmidN$v" /><g i="15" c="399" p="#^yK$v%QG$v%QG1oQG4lDE4l3D4lmC8mGBbnGBAp%GB$v%Yx$v%Yx$c%GB$c%GBSgGBjhAB_i%vB5k%HB5kXC5iFF5i3I5iiJojyKGkyK5n" /><g i="16" c="400" p="#^vF9l%gC9l%gC$v%yy$v%yy9l%vw9l%vwmj%yymi%yylhyy0fHzYdRATcnDTciFTcOGrd%RFagJEQfMDQf_CQfDCiggCMggCvh%gCmi%vFmi" /><g i="17" c="401" p="#^vF9l%gC9l%gC$v%yy$v%yy9l%vw9l%vwmj%yymi%yylhyy0fHzYdRATcnDTciFTcOGrd%RFagJEQfMDQf_CQfDCiggCMggCvh%gCmi%vFmi^bP9l%YL9l%YL$v%eI$v%eI9l%bG9l%bGmj%eImi%eIlheI0fnJYdxKTc3NTc_OTcuQrd%xPagpOQfsNQfGMQfjMigYLMgYLvh%YLmi%bPmi" /><g i="18" c="403" p="#^mz4q%mzapmz$nSz8nmAgmHBhlZCmknDOjNDdjNDwiNDJhcDjhDCUgzBUgKzUgox4i%3wpfNyUdRBUdlEUdQF5fjHigjHjijHFjIGEk5GCloEQmdDInVC9oBCCoBClp%BC4q^ZyfuZydtwzIs3Aas7Bas7CasGCIseDeteDfueDcvGCMv7Ckw7Bkw5AkwxzNvZyevZyfu" /><g i="19" c="404" p="%^ODvlwH9eBL9eGF2pGF$vVB$vVBap_v9e5A9e" /><g i="20" c="405" p="#^uDfw6xfw6xfp6xMlRyXjAA5iPD5ibG5i4I0j%ZGUl5GxlkFjlAE5lPD5lVA5lVAdpVAetPDetUEetPFYsKGFsEH2s%EHevKGOvPF0wUEfwuDfw" /><g i="21" c="406" p="#^rFfw1DfwGBvu%tBvuGBcwGBtw%GB$B%Yx$B%Yxmi%ZAmi%vB6k%GB6k_C5iyF5iYH5ikJZjIKQlIK8pIKkr3KYsqJzueIpv2HfwrFfw^lE4lZC4lkCWlHBMmGBJo%GB7pGBkrkChs_CetoEetVGetVG5pVG4nhG4mGF4llE4l" /><g i="22" c="407" p="#^BDkt0FktGFwslGIrpGGp%pGdppG0nJF4m2F7lyD7lVA7lVAfpVAirzBjsdCktBDkt^gCfwSzfwuyou6xws6xbp6xRlvyZjVz5ilC5iED5iBEAizF3jiG5k%pG5k%KGmi%TJmi%TJ$B%8G$B%8Ghw8GxviGeu%8GeuyFdvyEKvzDfwgCfw" /><g i="23" c="408" p="#^yK$v%QG$v%QG1oQGxmiGPlNF4lDE4l3D4lmC7mGB9nGBAp%GB$v%Yx$v%Yxmi%OAmi%iB5k%vB5k7C5jdDBijE5iIF5i4I5ijJnjyKFkyK5n" /><g i="24" c="409" p="#^yF5iYH5ikJ_jIKSlIK8pIKxshJouTHfwrFfw1DfwGBvu%pBvu%OA$v%Yx$v%Yx$c%GB$c%GBqhGBfiwB6k%GB6kZC5iyF5i^lE4lZC4lkCWlHBMmGBJo%GB7pGBkrkChs_CetoEetyFetdGasVG6rVG5pVG4ndG4mxF4llE4l" /><g i="25" c="410" p="#^QJli%QJdk%HHNkhIHlhIRmhI1pKGgqcFvruCvr%PBsr%gBorHAQrHAnsHAatLCat%3FatjHatuI8uGJ5vGJZwGJmzGHGAGF$BXB$B4z$Bzx$A3w$z3wdy3w_wQw9wCxkv5zZuwyJu5yauGxCtGx_sGxds6yIrzyarqzGqlycqJxbp5x9o5xMm5xxkyyjj$z5iHC5igD5i2EbiREhi3Fli^hzWxhzHy0A7zMAAz5CAz5EAzeF0znGtynGwxnGLwIFsw1FawDDaw%HBawGAawZzEwhz7xhzWx^EAPmEAXn8BBoFBepHCepLDepeEBoJEXnJEPmJEmkHCmkEAmkEAPm" /><g i="26" c="411" p="#^qxfuqxdtZxIswyaszzasAAas7BIsHBetHBfuHBcv7BMvzAkwzzkwyykw_xNvqxevqxfu" /><g i="27" c="412" p="%^wI$vey$vey9ewI9ewIfh0Cfh0Cal3Ial3Igo0Cgo0CTswITs" /><g i="28" c="413" p="#^CG$v%UF8u%NF8uREjvRDNvSCfwgBfwizfway7v2x$t2xWr2xLpzyJo4AHn8DAn%vFwn%vFVmvFRkoDRkLBRkyzQl%jyjjGA4ixD4ihG4iKHhjcJtkcJVm%cJ$v^vFHp%3EKpsCNpFBjqSARqSAYrSAxtGCxtYDxtJENsvF1svFOq" /><g i="29" c="414" p="#^vF9l%gC9l%gC$v%yy$v%yy9l%vw9l%vwmj%yymi%yylhyy0fHzYdRATcnDTciFTcOGrd%RFagJEQfMDQf_CQfDCiggCMggCvh%gCmi%vFmi^tHPetH$cvJ$cxL$cxLPexLHf0LagwKFgvJFgtHFgtHPe^mL$v%EH$v%EHmi%mLmi" /><g i="30" c="415" p="#^qxfuqxdtZxIswyaszzasAAas7BIsHBetHBfuHBcv7BMvzAkwzzkwyykw_xNvqxevqxfu^qxakqx8jZxDiwy5izz5iAA5i7BDiHB9jHBakHB9l7BIlzAfmzzfmyyfm_xJlqxalqxak" /><g i="31" c="418" p="#^MI2rMIst1HSuiFfwbCfwlzfw8xav%8xFrXyssbAOssB7tuC7tKD7toEFs3Fas3Fdr3FIqMEiqtETpVDvplD7pBBioYzxn8zQmky6mQxallxdklxZilxBgYyffzAUdoDUdNEUd2GdejHyeHI8f%tH5i1Gvh5FhhaE2hgD2hbC2hCByh2B2i2BRi2BljhBJjwB5k0CrkwCNkpEHlWGUmRH5oMIipMI2r" /><g i="32" c="419" p="#^ey9e%OD9eBH9eiJef0Ljg0LFi0LgkgKilwJjmgIvm%gIEmZJ0nJK3otL5ptLPqtLftIJDuXH$vWE$v%ey$v^0Cdl%dEdlMFdlsGLk8Hgk8H9j8H8ioGIhEFfh0Efh%0Cfh^0Cdo%0CTs%uETs2GTsOGhsyHGryHrqyHdomEdo" /><g i="33" c="420" p="%^7F$vlB$vlBjhvwjhvw9eZJ9eZJjh7Fjh" /><g i="34" c="421" p="%^KA1plwmizAmidDHmUFmi6KmiGF1pkK$v5G$vdDkrlA$v6w$v" /></glyphs></font><font id="10" name="Open Sans Charset1 5nTDN2swUij"><glyphs><g i="0" c="384" p="%^_C4nLH9e$J9e1E4p1E$vXB$vXBap$v9egy9e" /><g i="1" c="385" p="#^ODfwQAfw6zruoxDsoxqpoxam_yhkAAnigDniNFnifH1kJIGlJIoo%JIGp%vzGpzz1sHAgtPBuuTDuu1Guu8IAt%8Inv3HRv6G2w9FfwODfw^fD4kEB4kGA7lJzamyz1o%yG1oyG6mHF5lQE4kfD4k" /><g i="2" c="386" p="#^MGlsMGdunFev_DfwtBfwPyfwkxov%kxwthy$toziuvAAuwBAu6DAuYD4uPEztPEwsPEKr7EbrsDDqvBSpDzapQyFo2y7oFxtnhxPmhxUlhxgkCykjYznigCniqEniuGfj%MFVkLD4k7C4kGA4kXzxkdzZkdzMldzimuzHmMz3nnApn_AKnJCoo5FfpWF8qMG0rMGls" /><g i="3" c="387" p="%^oM$v0K$vgA0haA0h#mAFjmARlmA$vsy$vsy9eOA9ewK3tCK3t#BKKsvKYq#qK9prKoorK9eoM9e" /><g i="4" c="388" p="#^HJipHJzs1IpuoGfwuDfwHBfwiApvVyzu8y_soxproxipox0m1zckGAnizDninGni1IfkHJ6mHJip^vzhpvzSrwActyByuxDyuwFyuyGctAHSrAHhpAHKmyGqlwF5kwD5kwB5kvAplvzImvzhp" /><g i="5" c="389" p="#^XN2nXNkrMLOtCJfwLFfwOBfwFzRtwxqrwx1nwxGiFzhgPBTdMFTdCJTdMLjgXNLiXN2n^Jz2nJzHqfBzsOCruLFruJIrudKzsKLHqKL2nKLsjdKBhJIKfMFKfOCKffBChJztjJz2n" /><g i="6" c="390" p="%^lL$vUI$voClnwA$owA$vsy$vsy9ewA9ewA$mCI9e3L9eUDVl" /></glyphs></font><font id="20" name="Rockwell StdBold Charset1 6Qh2B6hzgsF"><glyphs><g i="0" c="256" p="%^$J1fhw1fhwtlmytlmy8hTB8hTBTtEzTtEz_vEG_vEGTtpETtpE8hWH8hWHtl$Jtl" /><g i="1" c="257" p="#^FyYt%vwYt%vw_v%0D_v%0DYt%_AYt%_Aun$BJmSCkmJDXlnEWlbFXlvFvmQF2nQFWn%QF_v%bK_v%bKYt%9IYt%9Iqn8ItleHFkkGQjWESjZDRj1Dfk5CFk_Ayl%_A1f%xw1f%xw3h%Fy3h" /><g i="2" c="258" p="#^oJFqnJvouI_mCHslbGFkMESj5DSjxBSj7ADkJynlPxNmWwaoVw5qWwWrLxktByKu3AxvyBkwtDkwnFkwUGyvqILuoJgt%lHmsGGjtGFOtHEhuwDiuSBhuOAltLzpstzFq^yzZoQztnNACmLBLl9DJlzELlDFEmIGxn0HZo" /><g i="3" c="259" p="#" /><g i="4" c="260" p="#^FyTt%AwTt%Aw_v%dD_vNFYv8HavwIou0JhtwJasuJaruJFpJIAoYHunyG_mxHum4IzlDIEkDIojEIhi7IihCHigsGGfjF2frD1f%Aw1f%Aw8h%Fy8h^bB5m%bB8h%OC8htE8hfFKh2Gji2Gzj4GBkqFklNE2m5D5m^bBTt%bBco%fDcoGEdotFDogG0pzGFpTGhqTG_qUGos0G7t9FStbDTt" /><g i="5" c="261" p="#^_IYt%YGYt%YGtnZGwmxGIl5GTk4Fnk3ETjlCSjyASjgzyk$xelfxBm%tzcnSzvmvA9m8BOl$BOl4DNlQDjmAEQmDE3o%DECpUD8p1DUobCDooBDoaADocz7peyDpGxvq6xmr6xrs8x3ufy6vnz9w5Bbw2CcwWCQvPDrvUEyu%UE_v%_I_v^DE$sUDFt3D1ueCourBpuuAouVzStkzktjzrslzyrYz_qAAqqzBpqkCpq5DIqSD$qDEBr" /><g i="6" c="262" p="#^Lwem%hyem%hyptiyWu2zAvPzdw3BbwuBbwWB5wnC$vOCTv%OCNtVB5ugB$tEAVtCA4t%CAem%OCem%OCck%CAck%CAfg%hyni%hyck%Lwck" /><g i="7" c="263" p="%^LyYtBwYtBw_vVC_vVCYt4BYt4B1fEw1fEw3hLy3h" /><g i="8" c="264" p="#^1x_v%5z_v%5zlvKzNvuA_vfBbwbCbwfEawtFcvHGeuIGBsJGZrtGkreGHqIF8qYErpTDapOCUoKBMoGAEoYznofz5odznnezImNzjmlAWliBVlbCVlSCgmxDDm2Enn%2E5o%4G5o%4Gck%2Eck%2EGksDlkJCak_B$jaB$jlz0kcyZk3xWl1xtn1x8ohxKoxxjpYxJpPyxqUzRqZA8r_Bgr$CorFDHrjEZrlEMskEstGDRt1DeuWBfuLAeu$zKtgzet5zls%5zYr%1xYr" /><g i="9" c="265" p="#^Yw5qZwUrMxitzyIuYzwvmBjw8DkwXEjwkGwvKHIuxIitlJUrmJ5qlJioyIUmLHullGHkYETjaDSjmBTjYzHkzyulMxUmZwioYw5q^rz5quzmovAfnxB8m8D5mME8mOFfnQGmoTG5qQGRrOFYsME2u8D5uxB2uvAYsuzRrrz5q" /><g i="10" c="266" p="#^4Bck%Gwck%Gwem%Lyem%LyYt%JwYt%Jw_v%6D_v%6DYt%4BYt%4BCn$BVmTCwmMD7muE6mcF6mxFDmTF8nTFgo%TF_v%eK_v%eKYt%cIYt%cIlnaIClhHOkpG_j6F$jbE_jdDnkfCMk4BCl" /><g i="11" c="267" p="%^VyTtIwTtIw_vLK_vLKMqGIMqGITtrBTtrBjoKHjoKHcmrBcmrB8hGI8hGI7kLK7kLK1fIw1fIw8hVy8h" /><g i="12" c="268" p="#^zLYt%pJYt%pJ1f%QE1f%QE3h%4H3h%4HLlbGPk9Flk7ESjWCSjeBTjWzIkCywlRxXm5xlo4x8q6xfs_xBtSyXuaAAvvBcwTCbw5Ecw7FJv9Gev4Hfu%4H_v%zL_v^zz4qCzhoDA9nFB0mgDZl_E$l0G5n2Hao4HZp2HPr$FZsZE6uiD9uDB7uCA1tBzWrzz4q" /><g i="13" c="269" p="#^Sw_v%Xy_v%XyBuSzrvVASvYBgw7DgwGEgwTFDv5HZuNHRtuIJsuIgruIdq5IgpJHjo2HDnhGUmeFvmcE5m6DRl0CAl5BjlaA1lFzykozhkezVj5zxj4z5j5z5iSzwhDAWgXBVg5DVgZDohSEThyFUi%yF3k%DH3k%DHYe%yFYe%yF3gGEpfID4fLCLeKBLerAKejzffcyLfvxNgPwPhOwojOwsk6xdlqx_lVxtmXyrnhATnDBjoVCDobEXo1FwpTF4qVFirTFys2FltdE7uUC9uHB8uJArtLzJsXylr%XyRp%SwRp" /><g i="14" c="270" p="#^PJYt%NHYt%NHck%qDck%qDem%sFem%sFEsEEltJDLtPC8u3C9uoB9u1BKtGAjtFAqs%FAck%Ewck%Ewem%kyem%kyyskypu8zjvZzcwBBbwwCbwuDPvsEqvsFEu%sF_v%PJ_v" /><g i="15" c="271" p="#^uyYt%CwYt%Cw_v%HC_v%HCYt%PAYt%PAck%Cwck%Cwem%uyem^BzNe$yOeCybfdyAfcyagdyMgCy9h$yyhBzzhbAyhAA9hZAMg_AagZAAfAAbfbAOeBzNe" /><g i="16" c="272" p="%^UBbwZDbwMHemAJemAJckODckODemrFemUCXslAemUBemUBckYvckYvem0yem" /></glyphs></font><font id="30" name="Rockwell Std Charset1 6nvwHI1EJcn"><glyphs><g i="0" c="256" p="#^FyTt%AwTt%Aw_v%dD_vNFYv8HavwIou0JhtwJasuJaruJFpJIAoYHunyG_mxHum4IzlDIEkDIojEIhi7IihCHigsGGfjF2frD1f%Aw1f%Aw8h%Fy8h^bB5m%bB8h%OC8htE8hfFKh2Gji2Gzj4GBkqFklNE2m5D5m^bBTt%bBco%fDcoGEdotFDogG0pzGFpTGhqTG_qUGos0G7t9FStbDTt" /><g i="1" c="257" p="#^oJFqnJvouI_mCHslbGFkMESj5DSjxBSj7ADkJynlPxNmWwaoVw5qWwWrLxktByKu3AxvyBkwtDkwnFkwUGyvqILuoJgt%lHmsGGjtGFOtHEhuwDiuSBhuOAltLzpstzFq^yzZoQztnNACmLBLl9DJlzELlDFEmIGxn0HZo" /><g i="2" c="258" p="#^_IYt%YGYt%YGtnZGwmxGIl5GTk4Fnk3ETjlCSjyASjgzyk$xelfxBm%tzcnSzvmvA9m8BOl$BOl4DNlQDjmAEQmDE3o%DECpUD8p1DUobCDooBDoaADocz7peyDpGxvq6xmr6xrs8x3ufy6vnz9w5Bbw2CcwWCQvPDrvUEyu%UE_v%_I_v^DE$sUDFt3D1ueCourBpuuAouVzStkzktjzrslzyrYz_qAAqqzBpqkCpq5DIqSD$qDEBr" /><g i="3" c="259" p="#^Lwem%hyem%hyptiyWu2zAvPzdw3BbwuBbwWB5wnC$vOCTv%OCNtVB5ugB$tEAVtCA4t%CAem%OCem%OCck%CAck%CAfg%hyni%hyck%Lwck" /><g i="4" c="260" p="%^LyYtBwYtBw_vVC_vVCYt4BYt4B1fEw1fEw3hLy3h" /><g i="5" c="261" p="#^SyYt%IwYt%Iw_v%dD_v%dDYt%bBYt%bBBngCRm4DvmUD8mxE8m6F8mxFwmYFUm_FQn%_F_v%lK_v%lKYt%jIYt%jIBndJSm4KsmYK2mGL1mmM1mJMtm5NVm6NMn%6N_v%tR_v%tRYt%rPYt%rPenrPHlCORkNN$jiM$jjL_jiKqkiJSk2IRlGHXkXGtkcG$jcF$jdE$jdDqkeCRkbBFl%bBck%Twck%Twem%Syem" /><g i="6" c="262" p="#^4Bck%Gwck%Gwem%Lyem%LyYt%JwYt%Jw_v%6D_v%6DYt%4BYt%4BCn$BVmTCwmMD7muE6mcF6mxFDmTF8nTFgo%TF_v%eK_v%eKYt%cIYt%cIlnaIClhHOkpG_j6F$jbE_jdDnkfCMk4BCl" /><g i="7" c="263" p="#^uyYt%CwYt%Cw_v%HC_v%HCYt%PAYt%PAck%Cwck%Cwem%uyem^BzNe$yOeCybfdyAfcyagdyMgCy9h$yyhBzzhbAyhAA9hZAMg_AagZAAfAAbfbAOeBzNe" /><g i="8" c="264" p="#^FyTt%kwTt%kw_v%oD_v%oDTt%bBTt%bB1o%DD1o%tH_v%8L_v%8LTt%4JTt%4GHnNHfnGIamzJ4lzJsjBJuhiIhg0H3faE1f%kw1f%kw8h%Fy8h^bBWl%bB8h%iE8hxF9hfGKhZGji_Grj_G0kLGAkxG8lUFxlgFVl4EWl" /><g i="9" c="265" p="#^lLck%VGck%VGSl_FWkXEtkVD$jJC$j2B0kKzRkqyFlFx3nUwtoTwgqTw1sCxptmyMuEzyvXAjwDCkwSDkw_EPv7GhvRGou%VGou%VG9wTGsxeGbyCFXyKEezSDxz5DxzbCxzlBdzwAWyKziy%ey$zozRAtAcBzBABUCzBVDAB$EjB5G2B2HqA0IOzCIKycJGxdJ4w%dJem%lLem^mzdqpzrorAkntBcm7D9mNEcmQFknUGsoWGdqUG$rPF7tLEfu4DiupBguoA9toz2smzdq" /><g i="10" c="266" p="#^FyYt%vwYt%vw_v%0D_v%0DYt%_AYt%_Aun$BJmSCkmJDXlnEWlbFXlvFvmQF2nQFWn%QF_v%bK_v%bKYt%9IYt%9Iqn8ItleHFkkGQjWESjZDRj1Dfk5CFk_Ayl%_A1f%xw1f%xw3h%Fy3h" /><g i="11" c="267" p="#" /><g i="12" c="268" p="#^DyTt%vwTt%vw_v%oD_v%oDTt%9BTt%9Bup%3DupTEwp8GdppHVohI2oRIvnfJymGJAlHJgkJJ9jgJYhPILgAHVflG3f0E1f%vw1f%vw8h%Dy8h^9Bsn%9B8h%5E8hwF9hiGYh5HKi6Hfk7H7lPGSlvGAmGF0nRErniDsn" /><g i="13" c="269" p="#^4Ick%$Fck%$F$kkFrktE9kDDSjGCSj1BTjJzIkqywlFxVmUwhoTw$pSwxrwxZsaypuvzmvRAiwUCkwQEkweGrvFHxurIOs%wGUr_F0t3FCt9EcuZCdulBbumA2tozUrmzZpoz9okA4ngB$lTCZlvD_l1E9mAEkmZEGmnF1nEFxnVF1o$FEo%4IEo" /><g i="14" c="270" p="%^9y_vFz_v#Fz$wiztx#YyYx9y6y9ymz#OzlzuAuy#aBDx8B_v8B$s9y$s" /><g i="15" c="271" p="%^$J1fhw1fhwtlmytlmy8hTB8hTBTtEzTtEz_vEG_vEGTtpETtpE8hWH8hWHtl$Jtl" /><g i="16" c="272" p="%^WyYtBwYtBw_vPD_vPDYtfBYtfBzq#dBxo$Brn#OClmPEkm3Gkm3G$jxE$j#pD_joCGk#oBmlPAQmMAQmMAckywckywemWyem" /><g i="17" c="273" p="%^VyTtIwTtIw_vLK_vLKMqGIMqGITtrBTtrBjoKHjoKHcmrBcmrB8hGI8hGI7kLK7kLK1fIw1fIw8hVy8h" /><g i="18" c="274" p="#^kyfz%awfz%awhB%XChB%XCfz%FAfz%FAxuwBpvACTvFDkwOEkwrGjwKHwv2JIuOJjtzKWrAK8qAKkoRJYm6JzlPHNkwG$jPE$jCD$jzCwkwB1lJA1m%FA1m%FAck%lwck%lwem%kyem^CAeqEApoIBfnNC4mtE1m5G4m6Hbn8IhoaI1q8IXr6H3t4GbulEduGCauFB5tEA$rCAeq" /><g i="19" c="275" p="#^1x_v%5z_v%5zlvKzNvuA_vfBbwbCbwfEawtFcvHGeuIGBsJGZrtGkreGHqIF8qYErpTDapOCUoKBMoGAEoYznofz5odznnezImNzjmlAWliBVlbCVlSCgmxDDm2Enn%2E5o%4G5o%4Gck%2Eck%2EGksDlkJCak_B$jaB$jlz0kcyZk3xWl1xtn1x8ohxKoxxjpYxJpPyxqUzRqZA8r_Bgr$CorFDHrjEZrlEMskEstGDRt1DeuWBfuLAeu$zKtgzet5zls%5zYr%1xYr" /><g i="20" c="276" p="%^GyTtBwTtBw_vAC_vACTtLATtLA8hPA8hxG9w1H9wPM7hTM7hTMTt2LTt2L_vgR_vgRTtcPTtcP8hgR8hgR1flL1fSGEqrC1fBw1fBw8hGy8h" /><g i="21" c="277" p="#^zLYt%pJYt%pJ1f%QE1f%QE3h%4H3h%4HLlbGPk9Flk7ESjWCSjeBTjWzIkCywlRxXm5xlo4x8q6xfs_xBtSyXuaAAvvBcwTCbw5Ecw7FJv9Gev4Hfu%4H_v%zL_v^zz4qCzhoDA9nFB0mgDZl_E$l0G5n2Hao4HZp2HPr$FZsZE6uiD9uDB7uCA1tBzWrzz4q" /><g i="22" c="278" p="%^pw_vzG_vzGErvEErvE4u7z4uzGfmzGck_wck_wnoXynoXy5mLD5mpw4u" /><g i="23" c="279" p="#^yyYt%SwYt%Sw_v%9D_v%9DYt%TAYt%TAem%TCem%TCck%TAck%TAShUAfh6BWglBBgNBAgaCAgoCTgDC9hHCKh%KEphwE5gKDofYCHeHBHeQAHe7A2fqzpf_y9gyyVgyy4i%yyck%Pwck%Pwem%yyem" /><g i="24" c="280" p="#^Yw5qZwUrMxitzyIuYzwvmBjw8DkwXEjwkGwvKHIuxIitlJUrmJ5qlJioyIUmLHullGHkYETjaDSjmBTjYzHkzyulMxUmZwioYw5q^rz5quzmovAfnxB8m8D5mME8mOFfnQGmoTG5qQGRrOFYsME2u8D5uxB2uvAYsuzRrrz5q" /><g i="25" c="281" p="#^Sw_v%Xy_v%XyBuSzrvVASvYBgw7DgwGEgwTFDv5HZuNHRtuIJsuIgruIdq5IgpJHjo2HDnhGUmeFvmcE5m6DRl0CAl5BjlaA1lFzykozhkezVj5zxj4z5j5z5iSzwhDAWgXBVg5DVgZDohSEThyFUi%yF3k%DH3k%DHYe%yFYe%yF3gGEpfID4fLCLeKBLerAKejzffcyLfvxNgPwPhOwojOwsk6xdlqx_lVxtmXyrnhATnDBjoVCDobEXo1FwpTF4qVFirTFys2FltdE7uUC9uHB8uJArtLzJsXylr%XyRp%SwRp" /><g i="26" c="282" p="#^PJYt%NHYt%NHck%qDck%qDem%sFem%sFEsEEltJDLtPC8u3C9uoB9u1BKtGAjtFAqs%FAck%Ewck%Ewem%kyem%kyyskypu8zjvZzcwBBbwwCbwuDPvsEqvsFEu%sF_v%PJ_v" /></glyphs></font><font id="40" name="Arial Charset1 5tNekimGphV"><glyphs><g i="0" c="880" p="#^kxdnkxXley2l8z8kpA8kHB8kBC2lwDXlwDdnwDvoBCqpHBkqpAkq8zkqeyqpkxvokxdn" /><g i="1" c="881" p="#" /><g i="2" c="882" p="#^8xfq%nz2qxzor6AfsHA6tUBFt6DbuEEbu_Fbu0HNt3IntzIGs4JZr4J7r4JiqBIGp6I1p_GCogGkoODKnkB8nlACm3zXlryYkPxYjPxJiPxmhAybglz$ePAoeiCNd5ENd5GNdCHqe7J2fXJigMKyhQK7j%zIijnIBhjHKggGTfcETf2CTf3BFg5Arh5Azi5AwjNA8ktBMklEqleH4mjIzmSJhnCKoomLvpmLXqmLmsxKDtJJUubIBvFGiwLEiwkCiwHABv2zTu6ystbx1s8xfq" /><g i="3" c="883" p="#^sC1u%MCZvQBaw5BawUzawezOvAypvjyOu2yau2ybs%2yKk%qwKk%qw1j%2y1j%2yPf%fAve%fA1j%sC1j%sCKk%fAKk%fAjsfAgtmAxttAOtKAZt$A7uuB7uRB7usC1u" /><g i="4" c="886" p="#^6GpuTErvLDTvDCiwkBiwbziw2yfvVwcuVwAsVwDrkxRqMx2qtyApaz5p2ARoHAGo$BvoFEcoWFMnXFjnXFbnXFRljFhltEykPCykgBykwA5lNzDlrz0n%hxJmzxkleyukVyEjaAbjsBKi7DKiNEKiPF7jSGvjlH5kQHHk0IBl8I9m8IDn%8Izq8IDthIruqIfvRI$v%yG$vcGjv6Gpu^WFupJEZpjCjqZAvqpALqSz$qyztrfzXrfzwsfzotVz_tAAAuSBAu7DAu6E0u5FstzFusWFLrWFhq" /><g i="5" c="887" p="#^Dx$v%Dx1j%Cz1j%Cz_kmACj$AajEBKipCKiwDKiGErj%UDtl5D$kiC$kAB$k$ArlrASlbADmQzOnQzcp%Qz$v" /><g i="6" c="888" p="#^xGPr%OI6sfI5uOGcvlFiw5DiwfAiwAyyuWwNsWwDpWwlmByykhAKiZCKiAFKidHvkTIgmTIupTIGpSI4q%bz4qizcsoAltuBuu6DuujEuuaFRt1GctxGPr^jzgo%zGgopGDmJFPlFEyk$CykuByksAzlqzzmjzgo" /><g i="7" c="889" p="#^4G$v%4GmuQEiwrCiwUAiwAzrvhyAuzx2tSwwrSwwpSwAnvx$l8ypkrzAjKAKikCKivDKipEejkFJjVFvk%VF5e%6I5e%6I$v^7zwp7z$raAftdBuuECuu5Euu5Fjt6G7s6GIp6G1n4FOl2EykyCyk4Byk5ALl7zXm7zwp" /><g i="8" c="895" p="%^0A$v3w1jky1jpAwq9Bit#bB5tQBDqVD1j9G1j5IyqJI1tuJwqIL1jRN1jNJ$vwH$vsFeoXE0miC$v" /><g i="9" c="896" p="%^FxDgFx5eSz5eSzDg^Fx$vFx1jSz1jSz$v" /><g i="10" c="897" p="#^Ex$v%Ex5e%Rz5e%RzvknBKiJDKi9FKidGijhHSjKHSkcISlcIMn%cI$v%$F$v%$FMn$F7mhFnlzEDkgDDkhCDkqB7lzADlcAvmRzmnRzUo%Rz$v" /><g i="11" c="898" p="#^Qx$v%Qx5e%yE5eBG5eQHEe4JafNJjguKrhuKGiuKQjSJRkeJSl_HumBJYmtK6olLfplLPqlL3sPK8thKduvJPuJIovxHIvmG$vEE$v^cADl%3EDlEFDljGpleH8lHHwk9IUj9IYi9I3iJHohiHIgvGsgIFcgNDcg%cAcg^cAUt%FEUtPFUtgGOt5HFtEHjtbIZsyIjsVIFrVIPqVIOpoI3pTHkoYG1o2GKnlEKn%cAKn" /><g i="12" c="899" p="%^Bx$vBx5eOz5eOz$v" /><g i="13" c="907" p="#^Mw7s%XyNr6z4tXzNtNAuuiCuuPDuuyETthFfthFqshFGrDEfraEYqnCvqYzUp0zsp4y$oBxdo7xqn7xtm7xBlwxSkVx7kByDj6zfj$z$iUAKiVBKirDKiBEajLFCjiGmkRG6l3Hnm%VEGmLEFl2E6llDyk3CykyAykUz2lfzylfzcmfzEmwz_mNzknmAznHAHniC7oEELozF9puGyp0HjqyH3ryHbsyHhtUGfufGdv1FMvQDiwjCiwNziwsyfv7xbuMw7s" /><g i="14" c="909" p="#^Hz$v%Ex$v%Ex5e%Rz5e%RzukeBKioDKiAEKiEFdjJGHjpHzk5IrluIGmUIVnUIjpUIEseHtuBFiwhDiw_AiwHzmu^FzppFzKrhANsjBuu4DuuwEuuzFetDGZrDGvpDGYmCFLlCEykbDykLBykIAOlFz2nFzpp" /><g i="15" c="930" p="#^8G$v%8G5uDEiw0CiwTAiwTzSvTypvoyKuWx3uJx6tBxtsBx3r%Bx1j%Oz1j%OzdqOzXrWzys7AptOAVttBpusCpusDpujEVtaFotxFwsVFErVFZp%VF1j%6I1j%6I$v" /><g i="16" c="975" p="#^QwwpQwVlQyakvAKiVCKiAFKihHuk_Iem_Ikp_IQrdIgttHIu1GvvCEiwVCiwbAiwvyyuQwOsQwwp^5zvp5z$raAftfBuuVCuuyEuuDFetJG_rJGqpJG0nDFNlxEykVCykfBykaANl5z0n5zvp" /><g i="17" c="1300" p="#^Ex$v%Ex1j%Dz1j%DzSk2BKiLDKiWEKiVF9jUGzjnHfkSHXk3ITlbIumbI$n%bI$v%_F$v%_F6o_FMmJF5mtFqlPE1l9EEkhDEkTBEkSAxlRzqmRzVo%Rz$v" /><g i="18" c="1301" p="%^_x$v_x5eVK5eVKcgmAcgmAHleKHleKOnmAOnmAUtkLUtkL$v" /><g i="19" c="1302" p="#^eB$v%jw1j%Dy1j%pBOqSB2sdCptxCns2DXq%XF1j%cI1j%hD$v" /><g i="20" c="1303" p="%^2y$v2y5e7K5e7KcgqAcgqALlPILlPISnqASnqA$v" /><g i="21" c="1304" p="#^yx_A%ixVy0y7zyy7zhz7zJzTyaADysAbyFARx7BywbBnwkB$v%pw1j%Ly1j%sBxq_BYrpCxtNC1sjDBq%5G1j%hI1j%mDdwzCmy7C9zxBfAMALA0AgBZygBkygByx_A" /><g i="22" c="1305" p="#^mxSr%tzFrKz8tuAPtfBuurCuusDuudE0u_EyttFNsYF$rhGHqCGmpCG$nCGRnCGznXFCoOEgpFDWpkCWp6AWpzyjo1xHm1x3k1xlhDyHfeA1eFC1epE1eRFZeiHVf2IEhPInjPIGmPI6q3I8sjHauRFevnEiwoCiwhAiwYy7vDxYtmxSr^nGYjnG3imFYgmERfXCRfsBRfnA2hizeiiz7kizRljAWmlB_nTC_npE_noFWmnGRlnGYj" /><g i="23" c="1310" p="#^dy$v%dyvt%JAvt%JA$vJAnxdAdyKz4zHyyz%4yCyMyiy5zIxqz6xsz$v" /><g i="24" c="1311" p="%^jF$v6D$v6D_h#jCLi0Bwj#KzgkJyEkJyvi#yAFhWBqg#jDbfUD1ejF1e" /><g i="25" c="1312" p="#^sIui%gGFiZFmhqFNgxERfdDRfaCRfnBqglAahKzDi8z3k7zMmVzzl2B_kcCoktDokGFokdH$lMICnMIaqMISr1IjtiHLu1GxvMEiw9DiwpAiwGyhuXwfsXwCnXwqiRy4gxA1emD1etF1ePGdfaIogsIui^tzbqtzjrXzmsqAothBXt8Cuu6DuuvEuuvFmtvGesvGjqvGsowFonxEkm0DkmxBkmvAontzsotzbq" /><g i="26" c="1313" p="%^4E$v4EJrjwJrjwIpuE6ehG6ehGIpIIIpIIJrhGJrhG$v^4EIp4EEhtyIp" /><g i="27" c="1314" p="%^gy$vgyvtMAvtMA$v" /><g i="28" c="1315" p="#^1B$v%iw5e%Jy5e%rBQpUBGrbCutUCDq0Dbq%pG5e%gJ5e%QL9nNMxqdNutzNOr6OBp%WQ5e%jT5e%pO$v%5M$v%mImiTHEgNHfguHuhfHmi%tD$v" /><g i="29" c="1316" p="#^FJ5e%1M5e%1Mqo1M7rpLJsOKiucJivDHiw1FiwwCiwWArvkzzuEyWsZxgrZxqo%Zx5e%lA5e%lApolALqMASrcBYsfCztjD9uQE9urH9uyIZsFJNrFJpo" /><g i="30" c="1317" p="%^Qx$vQx5ecA5ecAZm4J5eiM5eNEllDM$vvJ$v7DYmcAOpcA$v" /><g i="31" c="1318" p="#^ay$v%ayKk%ewKk%ew1j%ay1j%ayEhaylgoyIfJyRewzkejAOdLBOdHCOdPD0e%uDWfOCPfbCPfbBPfMAegmAFgmAQh%mA1j%UC1j%UCKk%nAKk%nA$v" /><g i="32" c="1319" p="#^Ex$v%Ex1j%Cz1j%CzRkdAUjeBjjfCKiyDKi_EKiVFkjQGWjcH$kLIKidLKi8NKiaOOjdPSkdP5n%dP$v%0N$v%0NQn0NvmOMWlBMll1M$ktLEkJKEklJEkrIylyHsmyHso%yH$v%lF$v%lFznlF5mOEnlgEEk2DEk7CEkkB7lyAClbAymRzunRzgp%Rz$v" /><g i="33" c="1320" p="#^BIUt%BI$v%Lw$vJwcv$wtusxgtsy5sszWqkBnpfE_mgFBliGbkiGXiiGDhmFKgqERfWCRflBRfoAOgrzLhrzrj%axcjoxGgVymfqA1eZC1eyF1e2HsfzITgzI_izI3k6I6lGH8mFGinEFrogDrqiB5sKAHsaAhtPzUt" /><g i="34" c="1321" p="#^ex4x%nzoxwzny7AQyXAszmCszTDszIEQyxFdyQF7x$Frw_FiuyE$vpC$vKz$vgy3uOw7sOwrpOwAntx0m8yrkpzBjHAKipCKiIEKibGBk%bG1j%dI1j%dIeudIgxBHxy_GOzEFxAjEgBmCgB2AgBCydAbxazex4x^3zhp3zQr4A0t5BbuCCbu7Ebu8F0taGRraGlpaGZm6FMl3EykACyk6Byk4AKl3zWm3zhp" /><g i="35" c="1322" p="#^6Gfr%gIyrVHMtrG1v_EiwTCiwcAiwByzu_wPs_wzp_wsnGxTlnyikNzwjcBKiTCKi$EKikGOjGHSk3IRm%WFanCFSlQEcl3EykZCykjBykhAKlfzWmfzvpfz6seAiteBuuRCuu8Euu$EHtTFUs6Gfr" /><g i="36" c="1323" p="#^ExZA%Ex1j%Ez1j%EzIklAJjeBej7CKioDKi2FKijGBjBHrkeI$lUIynUIppUIpraI$ssHBu5GsvKEiweDiw8CiwgBQvoAmvRzEu%RzZA^DzApDz4sDAhtEBuu4DuuxEuuAFftDG$rDGopDGVmBFHlAEsk9DskMBskHAMlDz4nDzAp" /><g i="37" c="1324" p="#^nz6h%nzFj%0xFj%0xEh0x$fpxffVxie1zOd%zzEeUyWezyuffy1gdy6h^9D6h%9DFj%OAFj%OAEhOA$fbBffHBiePCOd%lDEeGCWelCuf1C1g$B6h" /><g i="38" c="1325" p="#^3xtg%3xWd%qzWd%qzXfqzzh1zhivygjoxNj%SwViwxEiRx3iaythcytg^RAtg%RAWd%cDWd%cDXfcDzhPChihCgjaBNj%EAViiBEiDB3iYBth_Btg" /><g i="39" c="1326" p="#^Zv$v%RC5e%pF5e%JM$v%1K$v%YHAq%rAAq%uy$v^7BFo%cHFo%kFHjuEqh3EZfIDIh5Dpj" /><g i="40" c="1327" p="%^Qx$vQx5ecA5ecAUt0JUt0J$v" /><g i="41" c="1328" p="#^Zx$v%Zx5e%UF5ehI5ewJAeMK2fwLhggMvhgMZigMTk1LbmOJvndHSn9IioFIKoHJHpCK7r%IN$v%LK$v%nIgslHFqGGPp$FYotFCoXEgooE7o$D2o4D2o%lA2o%lA$v^lA$l%qF$l2H$lYHGlTIkllJBkQJRjQJZiQJIhVIUg_H4g$F4g%lA4g" /><g i="42" c="1329" p="#^Wx$v%Wx5e%FE5erG5eoHfeIIueBJ5fuKIf1LQgALXhALgjALyl7K8nGIJoTEJo%iAJo%iA$v^iACm%VECmcHCmaILl8JUk8Jlj8JdizIqh$HCg4HmgtGcgSEcg%iAcg" /><g i="43" c="1330" p="#^1xir%lz5rBzNswAEtsBuuNCuunEuutFhtAG4sAG6qAGeowF9ntE3mLC3mGB3mPAymZz0nuzOn%qxxn%9zke%3Ike%3Iqg%UAqg%XzelyB7kkD7kGF7khHLlVImnVIWpVIlsuH6uMFiwNCiwkAiwNyWufxyt1xir" /><g i="44" c="1331" p="#^1x9n1x_jGx2iky6gCz4fVA1eRC1eiE1eoFCeuGbfbHhgUHmhiIXiIIvkII9nIIjq2IfspHbu6GfvQEiwRCiwgAiwOyru1xcs1x9n^iz9nizzrjA1tlBuuRCuunEuupF1trGzrrG9nrGKipFihnERfQCRfkBRfqA6hizLiiz9n" /><g i="45" c="1332" p="#^cxgncxPiBzig_BNdMFNdfINdeKZeeM8ghNgikOnkkO3nkONpdNXr7M4u6Kbv5IiwMFiweDiweB4vfzRtdyKrcxDpcxgn^EzinEzxqnBps7DguLFguqIgu9KosULvqUL2nULSk8LejpKBh_IIgzHPfNFPfgDPfsByhEzgjEzin" /><g i="46" c="1333" p="%^Fx$vFx5eSz5eSzio2F1jVH1jXCRnpI$vHF$vnBmpSzRqSz$v" /><g i="47" c="1334" p="#^HKIp%3NiqjMdtnKMurIiwFFiwLCiwXA7v8zXtbyIrfxtpfxUmfx5kjy0inzXflBSejDNdHFNdmINdbK9f0MwgLM_i%qKyjOJBhCIIgqHPfDFPfADPfbCOgOANheAsjHz6lHzUmHzaplATq0BAspCqtPDgusFgurHguPI7tbKZrHKIp" /><g i="48" c="1335" p="%^uC$vuCcgBwcgBw5eNK5eNKcgSEcgSE$v" /><g i="49" c="1336" p="#^bw$v%WAhp%yw1j%gz1j%hB3mRBWmbCvnKCKmaD6m%mF1j%$H1j%CDfp%kI$v%EF$v%YCZr%jC_q%Ry$v" /><g i="50" c="1337" p="%^uw$vuwduJEKk#jDPkeCPkZwPkZw1jzH1jzHtkyAIsbzdu#GA6uYB6uYH6uYH$v" /><g i="51" c="1338" p="%^ky$vky5eIA5eIA$v" /><g i="52" c="1339" p="%^0y$v0y5eoA5eoAslFJslFJ5e1M5e1M$vFJ$vFJznoAznoA$v" /><g i="53" c="1340" p="#^ZC$v%ZCpo%4w5e%Yy5e%tCvjtD$kiEwm5F6lfGmj%JJ5e%uM5e%lFpo%lF$v" /><g i="54" c="1341" p="#^Wx$v%Wx5e%4E5eaG5egHleOIIeTJDfjLQg0MHiJMykJMXmJM_oeMzqML7s0LatgKcunJOuvInvfHHv$F$vnE$v^iAUt%5EUtTFUtTGztUHdtuIDskJNrOJmqhKXohKVmhK5kmJBirI4h6Hzg9Gcg2Ecg%iAcg" /><g i="55" c="1342" p="#^JwVq%SyDqXyGsCzrtiAbuwBbupCbu2DNtHDmtXDFsbEYrbEqq%bE5e%zG5e%zGhqzGxs0GMttF$uhEFv6DiwwBiwaziwVxXuFwAtJwVq" /><g i="56" c="1343" p="#^wxtg%wxWd%TzWd%TzXfTzzhuzhiYygjRxNj%jxViZxEiiy3iDythFytg" /><g i="57" c="1344" p="#^DxEg%Dx5e%Qz5e%QzEg^Ru1B%fv9zVvlziwlzZwlzixUyDxryDxFw%Dx1j%Qz1j%QzIwQz5zcz1ApygBzwgBGvgBRu1B" /><g i="58" c="1345" p="%^YvpqYvEoSJEoSJpq" /><g i="59" c="1346" p="#^Sx$v%Sx5e%qB5e%EFLqeGxsvGptPGqssHxq%LL5e%XO5e%XO$v%FM$v%FM0h%rH$v%iF$v%8ALg%8A$v" /><g i="60" c="1347" p="#^2xfr%fzYqDzQsxAFtrBuuLCuuiEuumFptrGksrGLqrGeprFgosEhnWChnjChnnBxn%DBClRBDlZBDlnDDlvEUkDF9kDFEiDFqhOEEg_DRfHCRfpBRfyAFgIzshtz3j%gxGiFxsg4zffwA1eEC1e6E1elFFeAGhfeHngUHshUHGiUHRjgHOkEGLlqFjm$GGmTHQnMIZoMIIqMI1t2HGulFiwKCiwnAiwPyUugxut2xfr" /><g i="61" c="1348" p="%^gyxlgy1jMA1jMAxl^gy$vgyvtMAvtMA$v" /><g i="62" c="1349" p="%^$vjwbBOdYCOdMxjw" /><g i="63" c="1350" p="#^VFZA%VFCuoFkvtEPvyDiwwCiwcAiwxysuTwBsTwopTwrnyxUleykkwzxjOAKilCKiLEKi7GLk%7G1j%6I1j%6IZA^8ztp8zZrbAeteBuuICuu5Euu6Fit7G5s7GGp7G4n2FNl_DtkyCtk7Btk7AHl8zUm8ztp" /><g i="64" c="1351" p="%^NwDqNwqoyDqoyDDq" /><g i="65" c="1352" p="#^rAhm2zNloySkKxXjKxEiKxHg7zmfxA1eTC1edF1eEGof4ILg4IIi4IXjqHSkMGNlqFhm4HQmXH1oPIdpPITqPIatbHKuzFiwVCiwfAiwDyKu0x9t0xPq0x3pUxUnNyJmrAhm^$zzi$zQjOAEkCBslWCslcEsl$EFkPFRjPFHiPFuhZEGg8ERfVCRfEBRfPAFg$zsh$zzi^hzQqhzMrJzEs9Awt1B$tWBuuWCuuvEuuwFttyGssyGUqyGjpuFhorEfnSCfniBfnhAgohzhphzQq" /><g i="66" c="1353" p="#^2xcp%2xImkyelrAelaBelZBslNCFlgEim6FEmxFMmYFTmoGTmbHTm1IpmTIWlyJcl%yJOnLIwoYHSo9Hbp9GbpqFbpLE0p5ERoECcobByneAynszynLyTn3yco2xcp" /><g i="67" c="1354" p="#^axrg%axke%MIke%MI1g2HRhmFSkHDTnMC3r6CjtXB$v%Gz$vIzTtvAUqiBUnNC6lgEkiYFrg" /></glyphs></font><font id="50" name="Symbol Charset1 5tNbOYo4F0N"><glyphs><g i="0" c="256" p="#^dGXodGNqVE5sBDptLBptVzptBy5shxNqhxXohx5nByOlVzukLBukBDukVEOldG5ndGXo" /><g i="1" c="257" p="#" /></glyphs></font><font id="60" name="ArialBold Charset1 6SoAsRloCRV"><glyphs><g i="0" c="880" p="#^gJpp%MMwqYLst4KUucIjwkFjwMBjwtzTtbxrrbxcnbxKiuzggOBOdyFOdQIOdTKKf5MTgJM1j%8JUjPIviOHIhOGUgmFUgnDUg8CjiVAKjVAXmVAkq7CNrlDdtiFdtKGdtMHisPInrgJpp" /><g i="1" c="881" p="%^Ox$vOx5eeB5eeB$v" /><g i="2" c="882" p="%^OxghOx5eeB5eeBgh^Ox$vOx1jeB1jeB$v" /><g i="3" c="883" p="#^5JTm%JFunyFtmXEZlkEslmDsl4CsljBlmyAdnyAhpyABrjBys5CvtpDvtnEvt$EXsDFnsUF1r%gJCrKIWteH6vLFiwfDiwpAiwJyvu1xIs1xxp1xjmJyxkqALijDLiHFLi4HMjtINk5JTm" /><g i="4" c="886" p="%^Gx$vGx5e6B5e6BBn7F1jlJ1jVEMnFJ$vXF$vHC9q6BRr6B$v" /><g i="5" c="887" p="#" /><g i="6" c="888" p="#^KD1j%KDMl%oBMl%oB_qoBAssBRswB6tLBht$BstlCstPCstJD6t%0ENvPCiwiBiwnAiwDz_vUyGvxyavbyGu3yQtYxetYxqr%YxMl%nwMl%nw1j%Yx1j%Yxsg%oBre%oB1j" /><g i="7" c="889" p="#^$wkp$wDnQx1mGyqkdABjMBLiGDLiCGLiuIFknKzmnKupnKqstImuAGiwHDiwVBiwhAuvGyGuQx7t$wzr$wkp^wAvpwArrqBtslCvtGDvt0FvtWFtsRGrrRGupRGBnWFAm0FylGDyllCylqBAmwABnwAvp" /><g i="8" c="895" p="%^cA$v6w1jrz1jRBwr5E1jpH1jzJwr2M1jrP1jgL$vZH$vJFFnxD$v" /><g i="9" c="896" p="#^AJ$v%8G$v%8Gnp8GhnVFGmHF2mbFJlIEnl0Enl7DnlqCSlJBlmsB9ncBYncB7q%cB$v%Mx$v%Mx1j%YA1j%YAWkECLidFLilGLihH9jeIzjIIckbJQknJElAJrmAJXn" /><g i="10" c="897" p="#^iFTr%JIss2IkuDGjvcFiw4DiwHziw4y4uOwjsOwCpOwomtyAk9ALiKCLiDFLiiHFkZIzmVIwq%jAwqlA1s7BUsWBKt6DKtVDKtsEit0FRsiFTr^vFqosFWmJE9m_DnlXCnlPBnl5BbmmA$mmAqo" /><g i="11" c="898" p="#^Bwjs%1ANrfAMsWAitBBPtOCPt7EPtPEjtgFZsgFpsgF0s0FLrLEwrSDjrIzoqByEp3xBo3xJm3x1loyUjJzLiwCLiaFLitGDjMHukgIbm%1FNmPE0meEDlFDdlACdldBdlEABlfASlfAhmfAFmAAVm2BfnNDTnxGuoDHopIIjqIIXrIIJtcH0vJFiwOCiw9AiwCydv3x8uBwjs" /><g i="12" c="899" p="#^cB5e%cBHkSCLi9FLilGLiiHbjfIDjKIjkdJ_koJPlAJEmAJoo%AJ$v%8G$v%8G9p8G6nXFzmLF0mfFIlLEnl0Enl9DnluCOlPBcmvB2ncBTncBvp%cB$v%Mx$v%Mx5e" /><g i="13" c="907" p="#^aw1j%Qz1j%VCes%YF1j%vJ1j%WEwv%6EMxFDVyeDvzQC5AiCtAMBRA_A2BdAgBfzgBfygBjx2B%$wmyOxxysyxyEzxydAPxOA6x5B1w" /><g i="14" c="909" p="#^4B$v%Ex$v%Ex1j%QA1j%QASkEBzjiC9jYCLiNDLiYELi2Goj%ZEnm6EQlnDQlECQl8CdmEBCmmBFn4BHo4B_r" /><g i="15" c="930" p="#^mA$m%fxrmMxyk2zFjkALiSCLi9FLihGhjpHPjSHFkkIvlkIKn%hIKrhIrtrIfuCI3v3J$v%GF$vxFFvkF_ufFGudFAukErvkDTvkCiwbBiwbziw1ycvUw6uUwssUwmrpxvqXxEpTybpQzJoCBno0EXnYEyn%YEcnYEcmsEOlZDnlCCnlIBnlbBKlGA5mmA$m^YENphE$pSCjqrBCq_AUqkAnrkA5skAPsSAltoBTtdCTt9DTt$DgtCEOsPE7sYEHrYEsq" /><g i="16" c="975" p="#^iw1j%cy1j%cy2icypgyyCfUyOeQzieMAOdbCOdFDOd3Fee%BEBgNDqg0DqghCqgYBMgEB6hEB6i%EB1j%cE1j%cEKl%EBKl%EB$v%cy$v%cyKl%iwKl" /><g i="17" c="1300" p="#^Qx5e%ZE5e5H5e8IgebJre$J$eQKzfnLvgXLrhXLBiXLSjfLVkAKYlqJum3LYmXL6oPMfpPMOqPM1seMbtGLkuHK1vIJJvgITvmHZvVD$v%Qx$v^rB4h%rBdl%ODdlVFdlqG9lmH2lUHwkqI_jqI6jqIhiYHMhvHehBG7h3G4hvD4h^rBco%rBZs%NEZsKGZsgHSs4IIsAI8s5JAr5JDq5JQpHIgpiIIozHsoQGcomEco" /><g i="18" c="1301" p="#^xx1j%HA1j%HAOknCLiKELi_FLiUGgjPHMjpIPkfJMjeKgjeLLimMLiONLiNOkjNPVjgQ1lDQSlDQIn%DQ$v%bN$v%bNBobNFmQM5mlMnlmLnlEKnl$JPlmJfm4J5nPIXnPIMp%PI$v%nF$v%nFUonF$mbFsm$EVlCEEleEnlADnlNCnl8COlwBdmeB1nZAQnZAIp%ZA$v%xx$v" /><g i="19" c="1302" p="%^7znreyhiey5eYB5eYBhi4Bnr^ny$vnyzsPBzsPB$v" /></glyphs></font></bwFonts>